{"lang":"en","name":"newtrain","version":"0.0.0","spacy_version":">=2.2.3","description":"","author":"","email":"","url":"","license":"","vectors":{"width":0,"vectors":0,"keys":0,"name":"spacy_pretrained_vectors"},"pipeline":["ner"],"factories":{"ner":"ner"},"labels":{"ner":["Address","Can Relocate to","Certifications","College","College Name","Companies worked at","Degree","Designation","Email Address","Graduation Year","Links","Location","Name","Relocate to","Rewards and Achievements","Skills","UNKNOWN","University","Years of Experience","abc","des","links","projects","state","training"]}}